id,full_name,email,phone,registration_date
1,Иванов Александр Сергеевич,ivanov.alexandr@mail.ru,+79161234570,2015-03-12 14:30:00
2,Петрова Мария Владимировна,petrova.m@gmail.com,+79262345678,2018-07-25 09:15:00
3,Сидоров Дмитрий Петрович,sidorov.d@ya.ru,+79373456789,2012-11-05 16:45:00
4,Кузнецова Елена Александровна,kuznetsova.e@mail.ru,+79484567890,2019-02-18 11:20:00
5,Васильев Андрей Игоревич,vasilev.a@gmail.com,+79595678901,2016-09-30 13:55:00
6,Николаева Ольга Сергеевна,nikolaeva.o@ya.ru,+79606789012,2014-05-22 10:10:00
7,Морозов Павел Дмитриевич,morozov.p@mail.ru,+79717890123,2017-12-08 15:25:00
8,Орлова Анна Викторовна,orlova.a@gmail.com,+79828901234,2013-08-14 12:40:00
9,Белов Сергей Николаевич,belov.s@ya.ru,+79939012345,2020-01-07 08:50:00
10,Громова Ирина Павловна,gromova.i@mail.ru,+79140123456,2015-11-19 17:30:00
11,Ковалев Алексей Борисович,kovalev.a@gmail.com,+79251234567,2018-04-03 14:20:00
12,Семенова Татьяна Олеговна,semenova.t@ya.ru,+79362345678,2011-06-28 10:45:00
13,Федоров Максим Андреевич,fedorov.m@mail.ru,+79473456789,2019-09-15 09:10:00
14,Павлова Юлия Сергеевна,pavlova.y@gmail.com,+79584567890,2016-02-22 16:55:00
15,Козлов Иван Васильевич,kozlov.i@ya.ru,+79695678901,2014-08-07 12:25:00
16,Лебедева Надежда Дмитриевна,lebedeva.n@mail.ru,+79706789012,2017-05-30 11:40:00
17,Новиков Артем Ильич,novikov.a@gmail.com,+79817890123,2013-01-14 15:15:00
18,Медведева Светлана Викторовна,medvedeva.s@ya.ru,+79928901234,2020-07-08 13:50:00
19,Егоров Денис Петрович,egorov.d@mail.ru,+79139012345,2015-12-11 08:35:00
20,Волкова Екатерина Александровна,volkova.e@gmail.com,+79240123456,2018-10-24 14:05:00
21,Соловьев Григорий Николаевич,soloviev.g@ya.ru,+79351234567,2012-04-17 10:20:00
22,Андреева Людмила Ивановна,andreeva.l@mail.ru,+79462345678,2019-03-29 17:45:00
23,Тихонов Владислав Олегович,tikhonov.v@gmail.com,+79573456789,2016-11-02 09:30:00
24,Захарова Ангелина Сергеевна,zakharova.a@ya.ru,+79684567890,2014-01-26 12:55:00
25,Борисов Константин Викторович,borisov.k@mail.ru,+79795678901,2017-08-19 15:40:00
26,Киселева Марина Павловна,kiseleva.m@gmail.com,+79806789012,2013-05-13 11:25:00
27,Герасимов Роман Дмитриевич,gerasimov.r@ya.ru,+79917890123,2020-02-05 14:10:00
28,Максимова Вероника Игоревна,maksimova.v@mail.ru,+79128901234,2015-07-28 08:45:00
29,Данилов Евгений Анатольевич,danilov.e@gmail.com,+79239012345,2018-12-16 16:20:00
30,Савельева Алла Борисовна,saveleva.a@ya.ru,+79340123456,2011-09-09 10:35:00
31,Тимофеев Станислав Сергеевич,timofeev.s@mail.ru,+79451234567,2019-06-22 13:00:00
32,Фролова Диана Андреевна,frolova.d@gmail.com,+79562345678,2016-04-15 09:55:00
33,Комарова Лариса Викторовна,komarova.l@ya.ru,+79673456789,2014-10-08 15:30:00
34,Щербаков Аркадий Петрович,shcherbakov.a@mail.ru,+79784567890,2017-01-31 12:15:00
35,Блинова Оксана Николаевна,blinova.o@gmail.com,+79895678901,2013-11-24 14:50:00
36,Макаров Виталий Олегович,makarov.v@ya.ru,+79906789012,2020-05-17 11:05:00
37,Антонова Элина Дмитриевна,antonova.e@mail.ru,+79117890123,2015-10-10 08:40:00
38,Исаев Георгий Ильич,isaev.g@gmail.com,+79228901234,2018-03-04 16:25:00
39,Михайлова Кристина Васильевна,mikhaylova.k@ya.ru,+79339012345,2012-07-27 10:00:00
40,Филиппов Вадим Сергеевич,filippov.v@mail.ru,+79440123456,2019-12-20 13:35:00
41,Степанова Яна Александровна,stepanova.y@gmail.com,+79551234567,2016-08-13 09:20:00
42,Никитин Глеб Борисович,nikitin.g@ya.ru,+79662345678,2014-02-06 15:55:00
43,Власова Анастасия Павловна,vlasova.a@mail.ru,+79773456789,2017-09-29 12:30:00
44,Жуков Руслан Викторович,zhukov.r@gmail.com,+79884567890,2013-04-22 14:05:00
45,Романова Эвелина Олеговна,romanova.e@ya.ru,+79995678901,2020-11-15 11:40:00
46,Сергеев Игорь Дмитриевич,sergeev.i@mail.ru,+79106789012,2015-06-08 08:15:00
47,Кузьмина Валерия Игоревна,kuzmina.v@gmail.com,+79217890123,2018-01-01 16:50:00
48,Попов Александр Николаевич,popov.a@ya.ru,+79328901234,2011-10-24 10:25:00
49,Маркова Инна Сергеевна,markova.i@mail.ru,+79439012345,2019-05-17 13:00:00
50,Калинин Дмитрий Андреевич,kalinin.d@gmail.com,+79540123456,2016-12-10 09:45:00
51,Осипова Виктория Борисовна,osipova.v@ya.ru,+79651234567,2014-07-03 15:20:00
52,Тарасов Антон Павлович,tarasov.a@mail.ru,+79762345678,2017-02-25 12:55:00
53,Воронова Любовь Викторовна,voronova.l@gmail.com,+79873456789,2013-09-18 14:30:00
54,Субботин Кирилл Олегович,subbotin.k@ya.ru,+79984567890,2020-04-11 11:05:00
55,Зайцева Алина Дмитриевна,zaytseva.a@mail.ru,+79195678901,2015-11-04 08:40:00
56,Ефимов Марк Ильич,efimov.m@gmail.com,+79206789012,2018-06-27 16:15:00
57,Маслова Тамара Васильевна,maslova.t@ya.ru,+79317890123,2012-01-20 10:50:00
58,Горбунов Сергей Сергеевич,gorbunov.s@mail.ru,+79428901234,2019-08-13 13:25:00
59,Абрамова Ксения Александровна,abramova.k@gmail.com,+79539012345,2016-03-07 09:00:00
60,Лазарев Виктор Борисович,lazarev.v@ya.ru,+79640123456,2014-10-30 15:35:00
61,Матвеева Галина Павловна,matveeva.g@mail.ru,+79751234567,2017-05-23 12:10:00
62,Крылов Илья Викторович,krylov.i@gmail.com,+79862345678,2013-12-16 14:45:00
63,Гордеева Наталья Олеговна,gordeeva.n@ya.ru,+79973456789,2020-09-09 11:20:00
64,Егоров Артур Дмитриевич,egorov.a@mail.ru,+79184567890,2015-04-02 08:55:00
65,Силина Маргарита Игоревна,silina.m@gmail.com,+79295678901,2018-11-25 16:30:00
66,Носков Владимир Николаевич,noskov.v@ya.ru,+79306789012,2011-06-18 10:05:00
67,Бирюкова Елена Сергеевна,biryukova.e@mail.ru,+79417890123,2019-01-11 13:40:00
68,Гаврилов Алексей Андреевич,gavrilov.a@gmail.com,+79528901234,2016-08-04 09:15:00
69,Давыдова Ирина Борисовна,davydova.i@ya.ru,+79639012345,2014-03-28 15:50:00
70,Мельников Петр Павлович,melnikov.p@mail.ru,+79740123456,2017-10-21 12:25:00
71,Рогова Олеся Викторовна,rogova.o@gmail.com,+79851234567,2013-05-14 14:00:00
72,Кудрявцев Валерий Олегович,kudryavtsev.v@ya.ru,+79962345678,2020-12-07 11:35:00
73,Щукина Анжелика Дмитриевна,shchukina.a@mail.ru,+79173456789,2015-07-31 08:10:00
74,Баранов Станислав Ильич,baranov.s@gmail.com,+79284567890,2018-02-23 16:45:00
75,Афанасьева Валентина Васильевна,afanaseva.v@ya.ru,+79395678901,2012-09-16 10:20:00